0,BEPreN3,BEPreN4,BEPreN2,BEPre,BEPreN1,BEPreN5,BEPreN6,BEPreN7,BJPreN2,BJPreN3,BJPreN1,BJPre,CTPre,CTPreN1,FJPre,FJPreN1,LKPre,LKPreN1,LKPreN2,LKPreN3,LKPreN4,LKPreN5,LKPreN6,HDPreN6,HDPreN3,HDPreN4,HDPre,HDPreN5,HDPreN2,HDPreN1,MBPre,MBPreN1,SBPre,SBPreN2,SBPreN1,SBPreN3,SWPre,SWPreN1
diagnostics_Versions_PyRadiomics,v3.0.1,v3.0.1,v3.0.1,v3.0.1,v3.0.1,v3.0.1,v3.0.1,v3.0.1,v3.0.1,v3.0.1,v3.0.1,v3.0.1,v3.0.1,v3.0.1,v3.0.1,v3.0.1,v3.0.1,v3.0.1,v3.0.1,v3.0.1,v3.0.1,v3.0.1,v3.0.1,v3.0.1,v3.0.1,v3.0.1,v3.0.1,v3.0.1,v3.0.1,v3.0.1,v3.0.1,v3.0.1,v3.0.1,v3.0.1,v3.0.1,v3.0.1,v3.0.1,v3.0.1
diagnostics_Versions_Numpy,1.19.5,1.19.5,1.19.5,1.19.5,1.19.5,1.19.5,1.19.5,1.19.5,1.19.5,1.19.5,1.19.5,1.19.5,1.19.5,1.19.5,1.19.5,1.19.5,1.19.5,1.19.5,1.19.5,1.19.5,1.19.5,1.19.5,1.19.5,1.19.5,1.19.5,1.19.5,1.19.5,1.19.5,1.19.5,1.19.5,1.19.5,1.19.5,1.19.5,1.19.5,1.19.5,1.19.5,1.19.5,1.19.5
diagnostics_Versions_SimpleITK,2.1.1.2,2.1.1.2,2.1.1.2,2.1.1.2,2.1.1.2,2.1.1.2,2.1.1.2,2.1.1.2,2.1.1.2,2.1.1.2,2.1.1.2,2.1.1.2,2.1.1.2,2.1.1.2,2.1.1.2,2.1.1.2,2.1.1.2,2.1.1.2,2.1.1.2,2.1.1.2,2.1.1.2,2.1.1.2,2.1.1.2,2.1.1.2,2.1.1.2,2.1.1.2,2.1.1.2,2.1.1.2,2.1.1.2,2.1.1.2,2.1.1.2,2.1.1.2,2.1.1.2,2.1.1.2,2.1.1.2,2.1.1.2,2.1.1.2,2.1.1.2
diagnostics_Versions_PyWavelet,1.1.1,1.1.1,1.1.1,1.1.1,1.1.1,1.1.1,1.1.1,1.1.1,1.1.1,1.1.1,1.1.1,1.1.1,1.1.1,1.1.1,1.1.1,1.1.1,1.1.1,1.1.1,1.1.1,1.1.1,1.1.1,1.1.1,1.1.1,1.1.1,1.1.1,1.1.1,1.1.1,1.1.1,1.1.1,1.1.1,1.1.1,1.1.1,1.1.1,1.1.1,1.1.1,1.1.1,1.1.1,1.1.1
diagnostics_Versions_Python,3.6.8,3.6.8,3.6.8,3.6.8,3.6.8,3.6.8,3.6.8,3.6.8,3.6.8,3.6.8,3.6.8,3.6.8,3.6.8,3.6.8,3.6.8,3.6.8,3.6.8,3.6.8,3.6.8,3.6.8,3.6.8,3.6.8,3.6.8,3.6.8,3.6.8,3.6.8,3.6.8,3.6.8,3.6.8,3.6.8,3.6.8,3.6.8,3.6.8,3.6.8,3.6.8,3.6.8,3.6.8,3.6.8
diagnostics_Configuration_Settings,"{'minimumROIDimensions': 2, 'minimumROISize': None, 'normalize': False, 'normalizeScale': 1, 'removeOutliers': None, 'resampledPixelSpacing': None, 'interpolator': 'sitkBSpline', 'preCrop': False, 'padDistance': 5, 'distances': [1], 'force2D': False, 'force2Ddimension': 0, 'resegmentRange': None, 'label': 1, 'additionalInfo': True}","{'minimumROIDimensions': 2, 'minimumROISize': None, 'normalize': False, 'normalizeScale': 1, 'removeOutliers': None, 'resampledPixelSpacing': None, 'interpolator': 'sitkBSpline', 'preCrop': False, 'padDistance': 5, 'distances': [1], 'force2D': False, 'force2Ddimension': 0, 'resegmentRange': None, 'label': 1, 'additionalInfo': True}","{'minimumROIDimensions': 2, 'minimumROISize': None, 'normalize': False, 'normalizeScale': 1, 'removeOutliers': None, 'resampledPixelSpacing': None, 'interpolator': 'sitkBSpline', 'preCrop': False, 'padDistance': 5, 'distances': [1], 'force2D': False, 'force2Ddimension': 0, 'resegmentRange': None, 'label': 1, 'additionalInfo': True}","{'minimumROIDimensions': 2, 'minimumROISize': None, 'normalize': False, 'normalizeScale': 1, 'removeOutliers': None, 'resampledPixelSpacing': None, 'interpolator': 'sitkBSpline', 'preCrop': False, 'padDistance': 5, 'distances': [1], 'force2D': False, 'force2Ddimension': 0, 'resegmentRange': None, 'label': 1, 'additionalInfo': True}","{'minimumROIDimensions': 2, 'minimumROISize': None, 'normalize': False, 'normalizeScale': 1, 'removeOutliers': None, 'resampledPixelSpacing': None, 'interpolator': 'sitkBSpline', 'preCrop': False, 'padDistance': 5, 'distances': [1], 'force2D': False, 'force2Ddimension': 0, 'resegmentRange': None, 'label': 1, 'additionalInfo': True}","{'minimumROIDimensions': 2, 'minimumROISize': None, 'normalize': False, 'normalizeScale': 1, 'removeOutliers': None, 'resampledPixelSpacing': None, 'interpolator': 'sitkBSpline', 'preCrop': False, 'padDistance': 5, 'distances': [1], 'force2D': False, 'force2Ddimension': 0, 'resegmentRange': None, 'label': 1, 'additionalInfo': True}","{'minimumROIDimensions': 2, 'minimumROISize': None, 'normalize': False, 'normalizeScale': 1, 'removeOutliers': None, 'resampledPixelSpacing': None, 'interpolator': 'sitkBSpline', 'preCrop': False, 'padDistance': 5, 'distances': [1], 'force2D': False, 'force2Ddimension': 0, 'resegmentRange': None, 'label': 1, 'additionalInfo': True}","{'minimumROIDimensions': 2, 'minimumROISize': None, 'normalize': False, 'normalizeScale': 1, 'removeOutliers': None, 'resampledPixelSpacing': None, 'interpolator': 'sitkBSpline', 'preCrop': False, 'padDistance': 5, 'distances': [1], 'force2D': False, 'force2Ddimension': 0, 'resegmentRange': None, 'label': 1, 'additionalInfo': True}","{'minimumROIDimensions': 2, 'minimumROISize': None, 'normalize': False, 'normalizeScale': 1, 'removeOutliers': None, 'resampledPixelSpacing': None, 'interpolator': 'sitkBSpline', 'preCrop': False, 'padDistance': 5, 'distances': [1], 'force2D': False, 'force2Ddimension': 0, 'resegmentRange': None, 'label': 1, 'additionalInfo': True}","{'minimumROIDimensions': 2, 'minimumROISize': None, 'normalize': False, 'normalizeScale': 1, 'removeOutliers': None, 'resampledPixelSpacing': None, 'interpolator': 'sitkBSpline', 'preCrop': False, 'padDistance': 5, 'distances': [1], 'force2D': False, 'force2Ddimension': 0, 'resegmentRange': None, 'label': 1, 'additionalInfo': True}","{'minimumROIDimensions': 2, 'minimumROISize': None, 'normalize': False, 'normalizeScale': 1, 'removeOutliers': None, 'resampledPixelSpacing': None, 'interpolator': 'sitkBSpline', 'preCrop': False, 'padDistance': 5, 'distances': [1], 'force2D': False, 'force2Ddimension': 0, 'resegmentRange': None, 'label': 1, 'additionalInfo': True}","{'minimumROIDimensions': 2, 'minimumROISize': None, 'normalize': False, 'normalizeScale': 1, 'removeOutliers': None, 'resampledPixelSpacing': None, 'interpolator': 'sitkBSpline', 'preCrop': False, 'padDistance': 5, 'distances': [1], 'force2D': False, 'force2Ddimension': 0, 'resegmentRange': None, 'label': 1, 'additionalInfo': True}","{'minimumROIDimensions': 2, 'minimumROISize': None, 'normalize': False, 'normalizeScale': 1, 'removeOutliers': None, 'resampledPixelSpacing': None, 'interpolator': 'sitkBSpline', 'preCrop': False, 'padDistance': 5, 'distances': [1], 'force2D': False, 'force2Ddimension': 0, 'resegmentRange': None, 'label': 1, 'additionalInfo': True}","{'minimumROIDimensions': 2, 'minimumROISize': None, 'normalize': False, 'normalizeScale': 1, 'removeOutliers': None, 'resampledPixelSpacing': None, 'interpolator': 'sitkBSpline', 'preCrop': False, 'padDistance': 5, 'distances': [1], 'force2D': False, 'force2Ddimension': 0, 'resegmentRange': None, 'label': 1, 'additionalInfo': True}","{'minimumROIDimensions': 2, 'minimumROISize': None, 'normalize': False, 'normalizeScale': 1, 'removeOutliers': None, 'resampledPixelSpacing': None, 'interpolator': 'sitkBSpline', 'preCrop': False, 'padDistance': 5, 'distances': [1], 'force2D': False, 'force2Ddimension': 0, 'resegmentRange': None, 'label': 1, 'additionalInfo': True}","{'minimumROIDimensions': 2, 'minimumROISize': None, 'normalize': False, 'normalizeScale': 1, 'removeOutliers': None, 'resampledPixelSpacing': None, 'interpolator': 'sitkBSpline', 'preCrop': False, 'padDistance': 5, 'distances': [1], 'force2D': False, 'force2Ddimension': 0, 'resegmentRange': None, 'label': 1, 'additionalInfo': True}","{'minimumROIDimensions': 2, 'minimumROISize': None, 'normalize': False, 'normalizeScale': 1, 'removeOutliers': None, 'resampledPixelSpacing': None, 'interpolator': 'sitkBSpline', 'preCrop': False, 'padDistance': 5, 'distances': [1], 'force2D': False, 'force2Ddimension': 0, 'resegmentRange': None, 'label': 1, 'additionalInfo': True}","{'minimumROIDimensions': 2, 'minimumROISize': None, 'normalize': False, 'normalizeScale': 1, 'removeOutliers': None, 'resampledPixelSpacing': None, 'interpolator': 'sitkBSpline', 'preCrop': False, 'padDistance': 5, 'distances': [1], 'force2D': False, 'force2Ddimension': 0, 'resegmentRange': None, 'label': 1, 'additionalInfo': True}","{'minimumROIDimensions': 2, 'minimumROISize': None, 'normalize': False, 'normalizeScale': 1, 'removeOutliers': None, 'resampledPixelSpacing': None, 'interpolator': 'sitkBSpline', 'preCrop': False, 'padDistance': 5, 'distances': [1], 'force2D': False, 'force2Ddimension': 0, 'resegmentRange': None, 'label': 1, 'additionalInfo': True}","{'minimumROIDimensions': 2, 'minimumROISize': None, 'normalize': False, 'normalizeScale': 1, 'removeOutliers': None, 'resampledPixelSpacing': None, 'interpolator': 'sitkBSpline', 'preCrop': False, 'padDistance': 5, 'distances': [1], 'force2D': False, 'force2Ddimension': 0, 'resegmentRange': None, 'label': 1, 'additionalInfo': True}","{'minimumROIDimensions': 2, 'minimumROISize': None, 'normalize': False, 'normalizeScale': 1, 'removeOutliers': None, 'resampledPixelSpacing': None, 'interpolator': 'sitkBSpline', 'preCrop': False, 'padDistance': 5, 'distances': [1], 'force2D': False, 'force2Ddimension': 0, 'resegmentRange': None, 'label': 1, 'additionalInfo': True}","{'minimumROIDimensions': 2, 'minimumROISize': None, 'normalize': False, 'normalizeScale': 1, 'removeOutliers': None, 'resampledPixelSpacing': None, 'interpolator': 'sitkBSpline', 'preCrop': False, 'padDistance': 5, 'distances': [1], 'force2D': False, 'force2Ddimension': 0, 'resegmentRange': None, 'label': 1, 'additionalInfo': True}","{'minimumROIDimensions': 2, 'minimumROISize': None, 'normalize': False, 'normalizeScale': 1, 'removeOutliers': None, 'resampledPixelSpacing': None, 'interpolator': 'sitkBSpline', 'preCrop': False, 'padDistance': 5, 'distances': [1], 'force2D': False, 'force2Ddimension': 0, 'resegmentRange': None, 'label': 1, 'additionalInfo': True}","{'minimumROIDimensions': 2, 'minimumROISize': None, 'normalize': False, 'normalizeScale': 1, 'removeOutliers': None, 'resampledPixelSpacing': None, 'interpolator': 'sitkBSpline', 'preCrop': False, 'padDistance': 5, 'distances': [1], 'force2D': False, 'force2Ddimension': 0, 'resegmentRange': None, 'label': 1, 'additionalInfo': True}","{'minimumROIDimensions': 2, 'minimumROISize': None, 'normalize': False, 'normalizeScale': 1, 'removeOutliers': None, 'resampledPixelSpacing': None, 'interpolator': 'sitkBSpline', 'preCrop': False, 'padDistance': 5, 'distances': [1], 'force2D': False, 'force2Ddimension': 0, 'resegmentRange': None, 'label': 1, 'additionalInfo': True}","{'minimumROIDimensions': 2, 'minimumROISize': None, 'normalize': False, 'normalizeScale': 1, 'removeOutliers': None, 'resampledPixelSpacing': None, 'interpolator': 'sitkBSpline', 'preCrop': False, 'padDistance': 5, 'distances': [1], 'force2D': False, 'force2Ddimension': 0, 'resegmentRange': None, 'label': 1, 'additionalInfo': True}","{'minimumROIDimensions': 2, 'minimumROISize': None, 'normalize': False, 'normalizeScale': 1, 'removeOutliers': None, 'resampledPixelSpacing': None, 'interpolator': 'sitkBSpline', 'preCrop': False, 'padDistance': 5, 'distances': [1], 'force2D': False, 'force2Ddimension': 0, 'resegmentRange': None, 'label': 1, 'additionalInfo': True}","{'minimumROIDimensions': 2, 'minimumROISize': None, 'normalize': False, 'normalizeScale': 1, 'removeOutliers': None, 'resampledPixelSpacing': None, 'interpolator': 'sitkBSpline', 'preCrop': False, 'padDistance': 5, 'distances': [1], 'force2D': False, 'force2Ddimension': 0, 'resegmentRange': None, 'label': 1, 'additionalInfo': True}","{'minimumROIDimensions': 2, 'minimumROISize': None, 'normalize': False, 'normalizeScale': 1, 'removeOutliers': None, 'resampledPixelSpacing': None, 'interpolator': 'sitkBSpline', 'preCrop': False, 'padDistance': 5, 'distances': [1], 'force2D': False, 'force2Ddimension': 0, 'resegmentRange': None, 'label': 1, 'additionalInfo': True}","{'minimumROIDimensions': 2, 'minimumROISize': None, 'normalize': False, 'normalizeScale': 1, 'removeOutliers': None, 'resampledPixelSpacing': None, 'interpolator': 'sitkBSpline', 'preCrop': False, 'padDistance': 5, 'distances': [1], 'force2D': False, 'force2Ddimension': 0, 'resegmentRange': None, 'label': 1, 'additionalInfo': True}","{'minimumROIDimensions': 2, 'minimumROISize': None, 'normalize': False, 'normalizeScale': 1, 'removeOutliers': None, 'resampledPixelSpacing': None, 'interpolator': 'sitkBSpline', 'preCrop': False, 'padDistance': 5, 'distances': [1], 'force2D': False, 'force2Ddimension': 0, 'resegmentRange': None, 'label': 1, 'additionalInfo': True}","{'minimumROIDimensions': 2, 'minimumROISize': None, 'normalize': False, 'normalizeScale': 1, 'removeOutliers': None, 'resampledPixelSpacing': None, 'interpolator': 'sitkBSpline', 'preCrop': False, 'padDistance': 5, 'distances': [1], 'force2D': False, 'force2Ddimension': 0, 'resegmentRange': None, 'label': 1, 'additionalInfo': True}","{'minimumROIDimensions': 2, 'minimumROISize': None, 'normalize': False, 'normalizeScale': 1, 'removeOutliers': None, 'resampledPixelSpacing': None, 'interpolator': 'sitkBSpline', 'preCrop': False, 'padDistance': 5, 'distances': [1], 'force2D': False, 'force2Ddimension': 0, 'resegmentRange': None, 'label': 1, 'additionalInfo': True}","{'minimumROIDimensions': 2, 'minimumROISize': None, 'normalize': False, 'normalizeScale': 1, 'removeOutliers': None, 'resampledPixelSpacing': None, 'interpolator': 'sitkBSpline', 'preCrop': False, 'padDistance': 5, 'distances': [1], 'force2D': False, 'force2Ddimension': 0, 'resegmentRange': None, 'label': 1, 'additionalInfo': True}","{'minimumROIDimensions': 2, 'minimumROISize': None, 'normalize': False, 'normalizeScale': 1, 'removeOutliers': None, 'resampledPixelSpacing': None, 'interpolator': 'sitkBSpline', 'preCrop': False, 'padDistance': 5, 'distances': [1], 'force2D': False, 'force2Ddimension': 0, 'resegmentRange': None, 'label': 1, 'additionalInfo': True}","{'minimumROIDimensions': 2, 'minimumROISize': None, 'normalize': False, 'normalizeScale': 1, 'removeOutliers': None, 'resampledPixelSpacing': None, 'interpolator': 'sitkBSpline', 'preCrop': False, 'padDistance': 5, 'distances': [1], 'force2D': False, 'force2Ddimension': 0, 'resegmentRange': None, 'label': 1, 'additionalInfo': True}","{'minimumROIDimensions': 2, 'minimumROISize': None, 'normalize': False, 'normalizeScale': 1, 'removeOutliers': None, 'resampledPixelSpacing': None, 'interpolator': 'sitkBSpline', 'preCrop': False, 'padDistance': 5, 'distances': [1], 'force2D': False, 'force2Ddimension': 0, 'resegmentRange': None, 'label': 1, 'additionalInfo': True}","{'minimumROIDimensions': 2, 'minimumROISize': None, 'normalize': False, 'normalizeScale': 1, 'removeOutliers': None, 'resampledPixelSpacing': None, 'interpolator': 'sitkBSpline', 'preCrop': False, 'padDistance': 5, 'distances': [1], 'force2D': False, 'force2Ddimension': 0, 'resegmentRange': None, 'label': 1, 'additionalInfo': True}"
diagnostics_Configuration_EnabledImageTypes,{'Original': {}},{'Original': {}},{'Original': {}},{'Original': {}},{'Original': {}},{'Original': {}},{'Original': {}},{'Original': {}},{'Original': {}},{'Original': {}},{'Original': {}},{'Original': {}},{'Original': {}},{'Original': {}},{'Original': {}},{'Original': {}},{'Original': {}},{'Original': {}},{'Original': {}},{'Original': {}},{'Original': {}},{'Original': {}},{'Original': {}},{'Original': {}},{'Original': {}},{'Original': {}},{'Original': {}},{'Original': {}},{'Original': {}},{'Original': {}},{'Original': {}},{'Original': {}},{'Original': {}},{'Original': {}},{'Original': {}},{'Original': {}},{'Original': {}},{'Original': {}}
diagnostics_Image-original_Hash,05384775da731bf8bc99f81b248698723fb41086,7ccec9d7aa296011210a9bc7f52942f07cc3a1f9,f20143ec65e3df527db8d540e3ab202d93f9a7f9,63c534de2d4ba2b95f2e2bd223e6079cff65aed1,db239aba31de7034fe9df9de70ea6f7aa7a0cd3b,08413bf74a598a3a02a37a8067fa8cd4da1e88b0,ae40bcd69d945e3d2250d7f7c84791eb0417f922,48566eb6f8df8e194c2a45f6999f93e2fc906acc,6d23f338e5f56ecb94bfaaf35a55d55152815043,5bf30e246bfbf4d06ec94ab2e27a639a6307822f,ae0ed9bf1695b0af19c78e16ba61d41cb573b538,8b41fa82fa32d3077e4c0058a605a1b3de055fee,480e410716cd762db97c2e7979b49e5b0a8bce54,220c97793a3984c73cdcfac9e5e3c316ed996378,ec66ff009dcc6ba4e39f125bb2f7c3f568b16783,dc9769954d37b2222c3c8012201cffb1cc248b97,78d17b80a424e0fd8b623a4b4020013bcc52574e,870b2555d79275e1879c80e1a6201c97e4516be8,bdbea334508b725aa7fc42cffdeb11921b565840,a2633cbcab7907859ddbd7c31df51dd0c81cb48a,4553fe20c9fc86d05f44895623461e2fc7affdff,e844206d752062579e0441e5f7db21522adaad6e,cc48e4509fd142c6840c59ab6aff0fbd029d8d58,14d686c0d37aec26415a5ee0d6eab7ff5db4d81c,ec5ed423640e8b07956cc9a6ec46ad67ca2fd65f,61b7f5957d02fcbe7ed6b7c5e6a765b1e8021761,e8538daffd65cb9198a196399ab1a0c8f86b1d5a,70493bcf037ed1883a5cefe9b24525d540a58c2a,6d121e94f075956b65993826fd067bca8658b5eb,ce95da837175dd11bbe67beb792cd5df549b3afe,8dd960e5ad284a3aa44975050f38a7304966aa70,b923c348793b9121160ab3ba5ece72e5b25cf83a,83cef79e9db00927fdd629a802c8e4285ff46733,e867abe4fdad471c793a4e52e5ef1256e58b550d,0ad74b934f63b25e0497aecc4970b967f6935edc,5d7acdbd3fe96844e0885b124aa12f72abaf154f,251793129652d383e22d1e030d974b641ac3fbbf,a4705d82f491e80a07c1f51195ecb0baad5d808c
diagnostics_Image-original_Dimensionality,3D,3D,3D,3D,3D,3D,3D,3D,3D,3D,3D,3D,3D,3D,3D,3D,3D,3D,3D,3D,3D,3D,3D,3D,3D,3D,3D,3D,3D,3D,3D,3D,3D,3D,3D,3D,3D,3D
diagnostics_Image-original_Spacing,"(1.0, 1.0, 1.0)","(1.0, 1.0, 1.0)","(1.0, 1.0, 1.0)","(1.0, 1.0, 1.0)","(1.0, 1.0, 1.0)","(1.0, 1.0, 1.0)","(1.0, 1.0, 1.0)","(1.0, 1.0, 1.0)","(1.0, 1.0, 1.0)","(1.0, 1.0, 1.0)","(1.0, 1.0, 1.0)","(1.0, 1.0, 1.0)","(1.0, 1.0, 1.0)","(1.0, 1.0, 1.0)","(1.0, 1.0, 1.0)","(1.0, 1.0, 1.0)","(1.0, 1.0, 1.0)","(1.0, 1.0, 1.0)","(1.0, 1.0, 1.0)","(1.0, 1.0, 1.0)","(1.0, 1.0, 1.0)","(1.0, 1.0, 1.0)","(1.0, 1.0, 1.0)","(1.0, 1.0, 1.0)","(1.0, 1.0, 1.0)","(1.0, 1.0, 1.0)","(1.0, 1.0, 1.0)","(1.0, 1.0, 1.0)","(1.0, 1.0, 1.0)","(1.0, 1.0, 1.0)","(1.0, 1.0, 1.0)","(1.0, 1.0, 1.0)","(1.0, 1.0, 1.0)","(1.0, 1.0, 1.0)","(1.0, 1.0, 1.0)","(1.0, 1.0, 1.0)","(1.0, 1.0, 1.0)","(1.0, 1.0, 1.0)"
diagnostics_Image-original_Size,"(512, 512, 230)","(512, 512, 218)","(512, 512, 224)","(512, 512, 222)","(512, 512, 241)","(512, 512, 216)","(512, 512, 214)","(512, 512, 251)","(512, 512, 256)","(512, 512, 297)","(512, 512, 273)","(512, 512, 223)","(512, 512, 293)","(512, 512, 285)","(512, 512, 222)","(512, 512, 250)","(512, 512, 225)","(512, 512, 210)","(512, 512, 241)","(512, 512, 237)","(512, 512, 253)","(512, 512, 238)","(512, 512, 196)","(512, 512, 265)","(512, 512, 289)","(512, 512, 273)","(512, 512, 281)","(512, 512, 293)","(512, 512, 281)","(512, 512, 233)","(512, 512, 245)","(512, 512, 253)","(512, 512, 174)","(512, 512, 209)","(512, 512, 217)","(512, 512, 241)","(512, 512, 124)","(512, 512, 110)"
diagnostics_Image-original_Mean,-1141.520721,-1154.836041,-1197.291595,-1101.820488,-1277.137412,-1188.489662,-1126.253482,-1137.374241,-996.640066,-1123.891351,-1104.142686,-516.543109,-1151.270818,-1054.02202,-1012.851869,-1105.970016,-1136.979266,-1151.493403,-1151.388022,-1179.741686,-1170.108241,-1134.503584,-663.3366116,-1153.719511,-1227.183694,-1190.85532,-1204.314255,-1120.142927,-1171.405513,-764.7614852,-1144.830894,-1045.066132,-650.0569135,-1045.215637,-971.0189604,-1011.787622,-574.7753596,-513.6912162
diagnostics_Image-original_Minimum,-3024,-3024,-3024,-3024,-3024,-3024,-3024,-3024,-3024,-3024,-3024,-1024,-3024,-3024,-3024,-3024,-3024,-3024,-3024,-3024,-3024,-3024,-1024,-3024,-3024,-3024,-3024,-3024,-3024,-1024,-3024,-3024,-1024,-3024,-3024,-3024,-1024,-1024
diagnostics_Image-original_Maximum,3071,3071,3071,3071,3071,3071,3071,3071,3071,2703,3071,3071,3071,3071,3071,3071,3071,3071,3071,3071,3071,3071,3071,3071,3071,3071,3071,3071,3071,3071,3071,3071,3071,3071,3071,3071,3071,3071
diagnostics_Mask-original_Hash,8cc9f95d2afa4df21978645ac501f33c4c3be534,682cfc4a25fabf8ec006da92e3d7d5e5e6262c7c,8967f6d29ef4838f88465ed8fc1831be15b9be9b,21caaa44999a82c5c305bb27dd31e01ef1041008,47678f7dc2c6815cfa00cc94274fe3efbaa21b4f,c91e168e51f817952d63afcc586796fa7de77111,9de98b968a3f666c37169c49a19d0c927ced2aee,4351abeb52fbb4f3393db344d5205b52cec2e92d,be3adfcca195daf964866d869ab20eff05fad66d,b0f801aefeabbfbcb33dec214a0c70bd49d5f687,1513b03bd09116b5cd81f963f24ae6a18f9c38c5,726a856390dc04057879bc943772c6d34ebce887,1b21f04b5f65dbba22a4cb65f55496d9c0ce7946,1a10ade5db1f15de782537411151eb0fad705bb1,36362ca1e8113e237c9bb895e148db30a8a8ef36,a087d556d9812fc7388a6900ca748ffc0d1c663f,6b1438a872089e0b4d01ff3334fbb4abeb025128,7690b517d4de73316f98b0bf212d3bb1d09cb07c,aef01acf6508e182ebaded4063624d2b5a185e0e,0783d6df5360eb017ff390979ee3ffd28fce1011,1ac7ccc9fb0cba4a43cf61e7ff6ce7e9a5b4b6b7,5b4f80a2413cba2266a3a9368af84335d770cb4b,f0c384e82fec481ebf77805ccd5be6a16af4b529,cf467dcf4b1015bd4d632bc972ecdf210e6fa444,290bd75573cb2bb571514341f654caade1dafedc,c84f217a119fcae86e1ffae6a59dfbcc1e3656d2,5fd41a35f299662abf73fb5b3f1eba9e7619fcd9,6aad4852d14d3ad67e5c76eb00b5b755d40bca87,1fe5a56de48fa414c912a8b8df688d725a1ceed1,a895c715b4713a9c010c0be54fedcbb39a07dd8d,bea8316c31d4fddddb9727d4b205ac5437be7acb,573e7973fd1afa716a1ee915df2978e7c59156d3,2289ad68cfe5bde57cd0afb1682c1fef77a58cf0,70aa70bff80a2dfa9edcca7c337fa8c00638f9ea,b10b2ac4b6f8c6af78d4ab2817030363912aa596,20275ff6de758504c26c7fe255e90df8bceb567c,77d0e31022fa0a3fc5417dded452c14a1506df21,07d2ef8cadee94ec31336e56e2c970df1b6e6ed0
diagnostics_Mask-original_Spacing,"(1.0, 1.0, 1.0)","(1.0, 1.0, 1.0)","(1.0, 1.0, 1.0)","(1.0, 1.0, 1.0)","(1.0, 1.0, 1.0)","(1.0, 1.0, 1.0)","(1.0, 1.0, 1.0)","(1.0, 1.0, 1.0)","(1.0, 1.0, 1.0)","(1.0, 1.0, 1.0)","(1.0, 1.0, 1.0)","(1.0, 1.0, 1.0)","(1.0, 1.0, 1.0)","(1.0, 1.0, 1.0)","(1.0, 1.0, 1.0)","(1.0, 1.0, 1.0)","(1.0, 1.0, 1.0)","(1.0, 1.0, 1.0)","(1.0, 1.0, 1.0)","(1.0, 1.0, 1.0)","(1.0, 1.0, 1.0)","(1.0, 1.0, 1.0)","(1.0, 1.0, 1.0)","(1.0, 1.0, 1.0)","(1.0, 1.0, 1.0)","(1.0, 1.0, 1.0)","(1.0, 1.0, 1.0)","(1.0, 1.0, 1.0)","(1.0, 1.0, 1.0)","(1.0, 1.0, 1.0)","(1.0, 1.0, 1.0)","(1.0, 1.0, 1.0)","(1.0, 1.0, 1.0)","(1.0, 1.0, 1.0)","(1.0, 1.0, 1.0)","(1.0, 1.0, 1.0)","(1.0, 1.0, 1.0)","(1.0, 1.0, 1.0)"
diagnostics_Mask-original_Size,"(512, 512, 230)","(512, 512, 218)","(512, 512, 224)","(512, 512, 222)","(512, 512, 241)","(512, 512, 216)","(512, 512, 214)","(512, 512, 251)","(512, 512, 256)","(512, 512, 297)","(512, 512, 273)","(512, 512, 223)","(512, 512, 293)","(512, 512, 285)","(512, 512, 222)","(512, 512, 250)","(512, 512, 225)","(512, 512, 210)","(512, 512, 241)","(512, 512, 237)","(512, 512, 253)","(512, 512, 238)","(512, 512, 196)","(512, 512, 265)","(512, 512, 289)","(512, 512, 273)","(512, 512, 281)","(512, 512, 293)","(512, 512, 281)","(512, 512, 233)","(512, 512, 245)","(512, 512, 253)","(512, 512, 174)","(512, 512, 209)","(512, 512, 217)","(512, 512, 241)","(512, 512, 124)","(512, 512, 110)"
diagnostics_Mask-original_BoundingBox,"(291, 296, 110, 26, 24, 5)","(317, 274, 109, 23, 23, 5)","(326, 283, 111, 22, 23, 5)","(298, 284, 126, 29, 29, 5)","(305, 264, 116, 20, 18, 5)","(317, 256, 104, 22, 22, 5)","(308, 271, 102, 24, 23, 5)","(310, 287, 121, 23, 20, 5)","(291, 278, 127, 32, 34, 5)","(274, 276, 148, 26, 27, 5)","(288, 269, 136, 28, 29, 5)","(269, 284, 104, 36, 36, 5)","(303, 263, 177, 28, 29, 5)","(251, 251, 172, 27, 27, 5)","(307, 279, 107, 30, 30, 5)","(275, 289, 140, 25, 25, 5)","(303, 279, 112, 26, 27, 5)","(284, 280, 104, 26, 25, 5)","(332, 263, 120, 27, 29, 5)","(294, 279, 118, 27, 27, 5)","(304, 267, 126, 27, 27, 5)","(278, 271, 114, 27, 28, 5)","(278, 258, 98, 27, 29, 5)","(300, 254, 132, 23, 22, 5)","(328, 241, 140, 19, 20, 5)","(294, 258, 138, 23, 25, 5)","(303, 243, 140, 20, 22, 5)","(289, 233, 142, 26, 26, 5)","(281, 245, 136, 22, 24, 5)","(315, 258, 112, 22, 22, 5)","(312, 293, 117, 21, 21, 5)","(308, 284, 122, 27, 26, 5)","(306, 255, 87, 27, 27, 5)","(288, 251, 104, 24, 26, 5)","(344, 266, 108, 27, 30, 5)","(287, 256, 120, 25, 26, 5)","(247, 268, 57, 26, 24, 5)","(300, 274, 50, 30, 27, 5)"
diagnostics_Mask-original_VoxelNum,1733,1817,1788,3002,1292,1661,2195,1539,3690,2423,2957,4351,2924,2595,3142,2241,2688,2288,2772,2469,2694,2699,2704,1845,1245,2061,1498,2262,1858,1667,1595,2735,2489,2261,2566,2249,2051,2738
diagnostics_Mask-original_VolumeNum,1,1,1,1,1,1,1,1,1,1,1,1,1,1,1,1,1,1,1,1,1,1,1,1,1,1,1,1,1,1,1,1,1,1,1,1,1,1
diagnostics_Mask-original_CenterOfMassIndex,"(303.05481823427584, 307.28563185227927, 112.08944027697635)","(327.7600440286186, 284.8189323059989, 111.06769400110072)","(336.70413870246085, 293.94519015659955, 113.02348993288591)","(312.5802798134577, 297.6455696202532, 128.02331778814124)","(314.2631578947368, 272.46826625386996, 117.99767801857585)","(327.1493076459964, 266.4310656231186, 106.05057194461168)","(319.4646924829157, 281.98177676537586, 104.0)","(321.4587394411956, 296.7238466536712, 122.94996751137101)","(306.39349593495933, 293.64037940379404, 129.03252032520325)","(286.2562938505984, 288.7304993809327, 150.03590590177467)","(301.54819073385187, 283.1055123435915, 138.0027054447075)","(286.88968053321076, 302.0271202022524, 105.90921627212136)","(316.21819425444596, 276.8112175102599, 178.99487004103966)","(264.04046242774564, 263.99730250481696, 174.0)","(321.2402928071292, 292.9411203055379, 108.99904519414386)","(287.1918786256136, 300.855421686747, 142.0066934404284)","(315.45424107142856, 291.9769345238095, 114.00446428571429)","(296.430506993007, 291.73645104895104, 106.00174825174825)","(344.6295093795094, 276.961038961039, 121.93939393939394)","(306.82867557715673, 291.77804779262857, 119.9935196435804)","(316.5549368968077, 280.0059391239792, 128.0022271714922)","(291.3645794738792, 283.95035198221564, 115.99703593923675)","(291.37795857988164, 272.02847633136093, 100.00258875739645)","(311.32357723577235, 264.1669376693767, 134.00271002710028)","(336.2578313253012, 250.33734939759037, 142.07469879518072)","(304.9005337214944, 270.47404172731683, 139.99611838913148)","(312.6648865153538, 252.9158878504673, 142.01935914552737)","(301.54376657824935, 245.5419982316534, 144.00353669319188)","(291.5139935414424, 256.4822389666308, 138.00645855758881)","(325.2993401319736, 268.374925014997, 114.00839832033593)","(321.6532915360502, 303.06206896551726, 118.99373040752351)","(321.20475319926874, 296.54113345521023, 124.0)","(318.8473282442748, 267.08597830454, 89.10928083567698)","(299.31313578062804, 263.0866873065016, 106.00088456435206)","(356.7139516757599, 280.60561184723304, 110.05027279812938)","(298.87194308581593, 268.97910182303247, 121.9955535793686)","(259.9063871282301, 279.0965382740127, 59.011214041930764)","(314.50328707085464, 287.1285609934259, 51.9627465303141)"
diagnostics_Mask-original_CenterOfMass,"(303.05481823427584, 307.28563185227927, 112.08944027697635)","(327.7600440286186, 284.8189323059989, 111.06769400110072)","(336.70413870246085, 293.94519015659955, 113.02348993288591)","(312.5802798134577, 297.6455696202532, 128.02331778814124)","(314.2631578947368, 272.46826625386996, 117.99767801857585)","(327.1493076459964, 266.4310656231186, 106.05057194461168)","(319.4646924829157, 281.98177676537586, 104.0)","(321.4587394411956, 296.7238466536712, 122.94996751137101)","(306.39349593495933, 293.64037940379404, 129.03252032520325)","(286.2562938505984, 288.7304993809327, 150.03590590177467)","(301.54819073385187, 283.1055123435915, 138.0027054447075)","(286.88968053321076, 302.0271202022524, 105.90921627212136)","(316.21819425444596, 276.8112175102599, 178.99487004103966)","(264.04046242774564, 263.99730250481696, 174.0)","(321.2402928071292, 292.9411203055379, 108.99904519414386)","(287.1918786256136, 300.855421686747, 142.0066934404284)","(315.45424107142856, 291.9769345238095, 114.00446428571429)","(296.430506993007, 291.73645104895104, 106.00174825174825)","(344.6295093795094, 276.961038961039, 121.93939393939394)","(306.82867557715673, 291.77804779262857, 119.9935196435804)","(316.5549368968077, 280.0059391239792, 128.0022271714922)","(291.3645794738792, 283.95035198221564, 115.99703593923675)","(291.37795857988164, 272.02847633136093, 100.00258875739645)","(311.32357723577235, 264.1669376693767, 134.00271002710028)","(336.2578313253012, 250.33734939759037, 142.07469879518072)","(304.9005337214944, 270.47404172731683, 139.99611838913148)","(312.6648865153538, 252.9158878504673, 142.01935914552737)","(301.54376657824935, 245.5419982316534, 144.00353669319188)","(291.5139935414424, 256.4822389666308, 138.00645855758881)","(325.2993401319736, 268.374925014997, 114.00839832033593)","(321.6532915360502, 303.06206896551726, 118.99373040752351)","(321.20475319926874, 296.54113345521023, 124.0)","(318.8473282442748, 267.08597830454, 89.10928083567698)","(299.31313578062804, 263.0866873065016, 106.00088456435206)","(356.7139516757599, 280.60561184723304, 110.05027279812938)","(298.87194308581593, 268.97910182303247, 121.9955535793686)","(259.9063871282301, 279.0965382740127, 59.011214041930764)","(314.50328707085464, 287.1285609934259, 51.9627465303141)"
original_shape_Elongation,0.946437073,0.983529245,0.993898737,0.977895507,0.986751151,0.992363149,0.971337115,0.94819549,0.991822448,0.995228233,0.994116224,0.998066435,0.98800793,0.991510015,0.984291755,0.995157287,0.997848955,0.991576925,0.986837778,0.980535075,0.992646866,0.992301516,0.990907831,0.980079922,0.979540154,0.991251278,0.988986094,0.988553445,0.994376045,0.976172961,0.988695839,0.982419271,0.994425308,0.982656015,0.970312668,0.988996346,0.970109169,0.993879439
original_shape_Flatness,0.251371079,0.259088677,0.258185528,0.202170608,0.301893539,0.267851099,0.234695609,0.270184269,0.182111096,0.222305654,0.205189038,0.168185866,0.204840311,0.2177016,0.196433811,0.230533194,0.214665345,0.231250872,0.209171622,0.216635526,0.214447354,0.213839017,0.212776866,0.253696024,0.310086731,0.242846051,0.280290606,0.230275209,0.254509402,0.26674612,0.275971239,0.211381265,0.219423725,0.232429044,0.211310896,0.23202149,0.235315809,0.211605494
original_shape_LeastAxisLength,5.578980696,5.660798789,5.57937701,5.676663727,5.564955174,5.567208675,5.656854249,5.579005156,5.668037219,5.572582026,5.66001071,5.631342998,5.640656743,5.65207122,5.633558296,5.607823839,5.649143214,5.625532183,5.641519583,5.55461173,5.653576159,5.651293103,5.632562737,5.610526412,5.637767803,5.617632913,5.566877992,5.599204234,5.60145563,5.617097267,5.630976593,5.656854249,5.589398932,5.651100948,5.570215893,5.622017656,5.535970479,5.646414775
original_shape_MajorAxisLength,22.19420277,21.84888534,21.60995251,28.07858065,18.43350209,20.78471473,24.10294032,20.64888967,31.12406298,25.06720777,27.58437185,33.48285521,27.53684909,25.96246988,28.67916822,24.32545066,26.31604651,24.32653393,26.97076941,25.64035477,26.36346899,26.42779217,26.4716877,22.1151531,18.18126103,23.1324862,19.86109371,24.3152715,22.00883578,21.05784056,20.40421538,26.76137946,25.47308383,24.31323056,26.36028711,24.23059026,23.52570571,26.68368707
original_shape_Maximum2DDiameterColumn,26.30589288,23.34523506,22.36067977,29.27456234,20.39607805,22.36067977,24.33105012,23.34523506,32,26.30589288,28.28427125,36,28.28427125,27.29468813,30.2654919,25.3179778,26.30589288,26.30589288,27.29468813,27.29468813,27.29468813,27.29468813,27.29468813,23.34523506,19.41648784,23.34523506,20.39607805,26.30589288,22.36067977,22.36067977,21.37755833,27.29468813,27.07397274,24.33105012,27.29468813,25.17935662,26.30589288,30.2654919
original_shape_Maximum2DDiameterRow,24,23.02172887,23.34523506,29.27456234,18.43908891,22.20360331,23.34523506,20.39607805,34.23448554,27.16615541,29.15475947,36.22154055,29.15475947,27.29468813,30.2654919,25.3179778,27.29468813,25.3179778,29.27456234,27.29468813,27.29468813,28.28427125,29.27456234,22.36067977,20.39607805,25.3179778,22.20360331,26.30589288,24.33105012,22.36067977,21.37755833,26.30589288,27.29468813,26.30589288,30.2654919,26.30589288,24.33105012,27.29468813
original_shape_Maximum2DDiameterSlice,24.0208243,23.34523506,22.84731932,30.52867504,19.10497317,21.84032967,24.73863375,21.63330765,33.73425559,26.2488095,28.44292531,36.12478374,28.44292531,26.83281573,29.42787794,25.07987241,27.31300057,25.29822128,28.3019434,26.40075756,27.29468813,27.45906044,27.29468813,22.84731932,19.41648784,24.08318916,20.61552813,25.29822128,22.82542442,21.63330765,21.40093456,27.45906044,27.29468813,25.17935662,27.89265136,25.17935662,24.51530134,28.44292531
original_shape_Maximum3DDiameter,26.98147513,23.9582971,24.53568829,30.52867504,21.26029163,23,25.05992817,24.10394159,34.94281042,27.45906044,29.17190429,36.34556369,29.22327839,27.80287755,31.06444913,26.72077843,28.51315486,26.60826939,29.69848481,28.74021573,27.96426291,28.72281323,29.3428015,24.67792536,20.61552813,25.8069758,22.75961335,27.31300057,24.65765601,23.76972865,22.56102835,27.74887385,28.08914381,26.47640459,30.85449724,26.98147513,27.22131518,30.33150178
original_shape_MeshVolume,1700.916667,1786.708333,1775.166667,2962.5,1278.125,1639.416667,2175.833333,1518.958333,3673.625,2407.791667,2930.083333,4308.416667,2895.5,2578.666667,3111.541667,2227.666667,2672.958333,2258.375,2752.708333,2450.583333,2671.625,2671.75,2680.916667,1822.208333,1230.583333,2045.458333,1467.041667,2244.958333,1844.583333,1644,1581.75,2721.083333,2462.791667,2243.333333,2549.083333,2215.125,2031.833333,2700.625
original_shape_MinorAxisLength,21.0054163,21.4890177,21.47810452,27.45791785,18.18927939,20.62598496,23.41208052,19.57918406,30.86954433,24.94759288,27.42207158,33.41811393,27.20662527,25.7420489,28.22866882,24.20764947,26.2594395,24.12162971,26.61577416,25.14126719,26.16961487,26.22433824,26.23100264,21.67461753,17.80927523,22.93010651,19.64234549,24.03694539,21.88505909,20.55609457,20.17356286,26.29089491,25.33107923,23.89154225,25.57772052,23.96396523,22.82250282,26.52036794
original_shape_Sphericity,0.567200865,0.617861048,0.629472341,0.570295287,0.689087617,0.660914247,0.625909791,0.641005683,0.515384847,0.614592545,0.600874543,0.53832147,0.597626795,0.597382628,0.567854342,0.59234275,0.594174313,0.621380853,0.579549166,0.589711103,0.603569425,0.601792538,0.603295957,0.624129847,0.667040592,0.639232184,0.643695836,0.614205537,0.632830019,0.628298041,0.663058034,0.598877189,0.597792904,0.617867583,0.551570162,0.603196609,0.601054109,0.577225236
original_shape_SurfaceArea,1214.88713,1152.468551,1126.333225,1749.134668,826.529893,1017.337941,1297.346935,996.9028058,2233.995842,1413.544358,1647.986441,2378.597119,1643.878731,1522.281629,1815.087592,1392.551241,1567.587208,1339.646754,1638.956037,1490.588628,1542.673049,1547.276293,1546.948727,1155.955701,832.5414798,1219.043632,969.9850866,1349.923798,1149.377185,1072.143609,990.1275509,1573.889536,1475.316341,1341.27528,1636.085703,1362.356367,1290.711782,1624.731762
original_shape_SurfaceVolumeRatio,0.714254351,0.645023326,0.634494352,0.590425204,0.646673755,0.620548736,0.5962529,0.656306881,0.608117552,0.587070874,0.562436714,0.552081496,0.567735704,0.590336723,0.583340282,0.625116523,0.58646152,0.59319057,0.595397637,0.608258698,0.577428737,0.579124654,0.57702231,0.634370769,0.676542138,0.595975783,0.661184415,0.60131352,0.623109384,0.65215548,0.625969686,0.578405489,0.599042282,0.597893884,0.641832961,0.6150246,0.635244909,0.601613242
original_shape_VoxelVolume,1733,1817,1788,3002,1292,1661,2195,1539,3690,2423,2957,4351,2924,2595,3142,2241,2688,2288,2772,2469,2694,2699,2704,1845,1245,2061,1498,2262,1858,1667,1595,2735,2489,2261,2566,2249,2051,2738
original_firstorder_10Percentile,296,261,194,243,376,227,230,248,69,137,113,147,256,252,104,105,329,164,147,346,290,168,52,305.4,252,126,294,280,261,430,137,117,405.8,268,92,270,203,181
original_firstorder_90Percentile,355,334,238.3,313,453,274,276,295,126,197,163,234,291,298,160,153,379,191,179,393,344,207,229,365,322.6,175,341,352,323,480,177,173,477,322,299,335.2,247,225
original_firstorder_Energy,185196539,162095547,84192459,234602863,222754267,104859248,142084780,113867176,36940778,68519236,58208269,163213050,218987367,196902746,56393826,37893607,337610844,72180327,73865775,338800229,271703295,96800846,66359532,209924174,104550933,47197003,152388424,227990739,161844528,345526034,39803854,59130425,480293942,198700619,115322469,208232846,104596224,113198226
original_firstorder_Entropy,1.993356146,2.265333389,1.625541158,2.239118995,2.442257954,1.775336056,1.69837382,1.733000527,1.987660368,2.024478254,1.822499069,2.554872789,1.340867355,1.685626281,1.93734255,1.738986448,1.759999648,1.128973265,1.297941423,1.699716099,1.916059583,1.453172048,3.515803383,1.953468919,2.196178296,1.753870306,1.704299907,2.245197859,2.002853926,1.814617168,1.544520433,1.95144683,2.535654549,1.850630283,3.701142266,2.102361815,1.633680053,1.629392974
original_firstorder_InterquartileRange,29,38,23,37,36.25,25,23,25,29,31,27,44.5,18.25,24,29,26,26,14,17,24,29,21,95,30,37,26,24,37,32,26,21,29,31,28,101,34,24,23
original_firstorder_Kurtosis,3.227773814,3.06581331,2.833020113,22.18931855,8.148209855,11.96509168,3.032382372,3.135354162,4.001543539,3.138413682,4.391422293,5.688530088,2.952916362,3.122894773,9.189560174,2.957593652,2.80297239,3.155251533,3.315826496,4.758550715,3.12868938,2.711576761,2.884854042,2.803951064,2.663677018,2.891490657,3.35612698,2.854238525,2.812335937,11.75837256,3.001534553,3.257132694,28.10117334,2.794214464,3.240117009,2.879399125,2.99467104,3.046909462
original_firstorder_Maximum,412,384,270,719,587,453,313,330,192,247,215,311,322,341,397,191,415,226,221,445,405,229,360,399,361,208,364,399,367,527,212,226,529,352,447,384,280,281
original_firstorder_MeanAbsoluteDeviation,17.95651234,22.42948015,13.80745487,22.05502417,25.10425193,15.35791057,14.21592125,14.69568224,18.04965915,18.75621081,15.84245565,27.49563823,10.69826391,14.32189872,17.40023322,14.91869486,15.44765758,8.469660038,10.38054504,14.5305969,17.04032139,12.10491007,55.32773056,18.06077629,21.62333511,15.41708365,14.63543559,22.20583453,18.91181415,15.98835218,12.74493765,17.56904238,62.49740627,16.65330809,62.25405491,20.10483351,14.04199067,13.68590212
original_firstorder_Mean,326.1090594,297.3379196,216.3182327,278.0243171,413.7267802,250.3877182,253.7922551,271.3645224,97.34471545,166.4969047,138.8092661,190.2546541,273.3361833,274.8639692,132.0617441,128.6894244,353.8794643,177.298514,162.722583,369.9623329,316.8518931,188.8002964,140.772929,336.5615176,288.5502008,150.0839398,318.4045394,316.2577365,294.2055974,454.7870426,157.1648903,145.3553931,418.0514263,295.7262273,196.7299299,303.2494442,225.1487079,202.6099343
original_firstorder_Median,326,297,216,277,417,250,254,271,98,166,140,191,273,274,131,129,354,177,163,371,317,190,140,338,288,150,320,317,296,455,158,145,449,296,199,304,225,202.5
original_firstorder_Minimum,239,193,165,172,188,183,192,212,-50,77,17,-22,225,208,63,57,294,139,121,244,238,124,-116,260,211,83,248,230,219,254,94,57,-746,217,-148,217,158,146
original_firstorder_Range,173,191,105,547,399,270,121,118,242,170,198,333,97,133,334,134,121,87,100,201,167,105,476,139,150,125,116,169,148,273,118,169,1275,135,595,167,122,135
original_firstorder_RobustMeanAbsoluteDeviation,12.64814815,15.71199872,9.929909843,15.34846787,15.87206363,10.29871891,9.954611234,10.21850114,12.45811949,13.10367527,10.81318142,18.74734069,7.714805167,10.02922289,12.05210857,10.60192408,10.93809014,6.149488456,7.351659622,10.21367668,12.08588721,8.898435816,39.42978207,12.78996067,15.54341563,10.7963253,10.19483293,15.66173918,13.64266469,11.2114963,9.012383147,12.3989991,13.21396,11.99534624,43.15258389,14.2372156,10.08820411,9.784235985
original_firstorder_RootMeanSquared,326.9016794,298.6813314,216.9965553,279.5511672,415.2233416,251.2572217,254.4230867,272.0069276,100.0552395,168.1626524,140.3029104,193.6791626,273.6660015,275.4591515,133.9715832,130.0355339,354.3998763,177.6157249,163.23941,370.4343936,317.5767185,189.3817538,156.6564619,337.3129706,289.7872547,151.3276246,318.9481461,317.4770256,295.1386968,455.273726,157.9727646,147.0370683,439.2796717,296.4485489,211.9964751,304.2845416,225.8266401,203.3307621
original_firstorder_Skewness,-0.136113239,-0.053346428,-0.003097257,1.603991018,-1.085169995,1.008117541,-0.039392954,-0.068219746,-0.121883368,0.111908382,-0.474412909,-0.711546691,-0.012179302,0.099603869,0.690918365,-0.042553188,-0.052941478,0.064735695,0.137503404,-0.507003956,0.083842513,-0.300048384,-0.018628266,-0.223747192,-0.002117168,0.098827351,-0.464231225,-0.111428302,-0.321534417,-1.002432458,-0.121834025,0.050459733,-4.702546664,-0.038705533,-0.094826817,-0.104365699,-0.123912541,0.098599581
original_firstorder_TotalEnergy,185196539,162095547,84192459,234602863,222754267,104859248,142084780,113867176,36940778,68519236,58208269,163213050,218987367,196902746,56393826,37893607,337610844,72180327,73865775,338800229,271703295,96800846,66359532,209924174,104550933,47197003,152388424,227990739,161844528,345526034,39803854,59130425,480293942,198700619,115322469,208232846,104596224,113198226
original_firstorder_Uniformity,0.292499656,0.245166045,0.374819828,0.250332113,0.232616291,0.35018509,0.357778758,0.352848465,0.300067861,0.289209255,0.335163496,0.205407834,0.441477765,0.361168692,0.308662012,0.345764833,0.339205718,0.495219051,0.494089264,0.363127815,0.306610858,0.414884357,0.100623993,0.300691975,0.250206932,0.342250115,0.358141073,0.243830917,0.287712866,0.335955484,0.403292027,0.304389373,0.275452086,0.318390155,0.090869023,0.270837629,0.373764234,0.373643726
original_firstorder_Variance,517.5893755,800.699239,293.9272515,851.3341855,1240.574732,436.1820045,320.5982999,349.0646543,535.057323,557.4584097,416.8942936,1314.784611,180.4112626,327.5425746,508.0808471,348.2721282,368.5970783,112.5826551,168.4659691,349.5121494,459.850002,219.8967617,4724.229504,506.384969,715.4346285,374.8609793,346.4691917,772.7058973,549.9168255,442.9114578,254.59162,491.709162,18199.63496,427.7406169,6239.840156,628.8568527,305.7306895,292.613371
original_glcm_Autocorrelation,21.10027846,29.31972794,10.13768958,31.84143074,104.0236048,12.58006374,13.62301754,11.494428,41.88033305,18.11057417,37.37686725,84.75906186,6.100654077,12.40518847,14.47403356,13.63433174,13.84794805,7.087840954,9.303743668,40.53246642,18.06372402,16.88661517,124.3545012,16.3058187,17.42156489,13.16972278,18.56775878,17.96489262,18.7582138,76.1770719,14.57462981,18.77676675,2287.494694,19.11008165,207.783029,22.02347663,12.1915104,13.10739365
original_glcm_ClusterProminence,15.571606,28.33605466,4.450135731,85.36518502,168.3826807,20.90120549,6.080767256,7.30028623,18.3790485,20.61777425,15.05246975,161.4232627,2.371747851,7.463682011,18.34347243,6.842027048,9.862849073,1.252362151,2.488447604,8.631810889,17.63645771,4.737876841,648.429267,20.99539139,34.11027525,12.37132517,11.12123896,37.50614385,19.59262606,13.236633,4.282446955,12.81346212,155266.8518,11.12647372,1527.309529,19.70470501,4.505929948,5.030751584
original_glcm_ClusterShade,-0.59483536,-0.148448484,-0.04111191,3.74272276,-9.104873346,0.959884346,-0.018155102,-0.166187666,-0.176441426,0.558104886,-1.250871901,-8.53466739,0.02038457,0.290122277,0.787080327,-0.210837442,-0.243501184,-0.127852478,0.100348651,-0.475651296,0.66443037,-0.337480211,-1.378842601,-1.156161952,-0.48670271,0.266953606,-0.955214885,-1.303518685,-1.623561457,-0.057109252,-0.175394133,0.117412686,-2796.981262,-0.199918334,-8.873137585,-0.637432307,-0.075985202,0.130790086
original_glcm_ClusterTendency,2.252989778,3.063348735,1.22453984,3.102904117,4.549911238,1.658177313,1.422041742,1.541850243,2.277614994,2.549167838,1.926202575,5.079658042,0.942780109,1.566621264,2.00519357,1.499357514,1.86883288,0.710126541,0.852967545,1.555762297,2.437410357,1.338353826,14.75538156,2.700878333,3.634499423,2.097558653,1.867736851,3.690714949,2.592990559,1.734078805,1.198149498,2.017319019,64.1090373,1.99628634,22.15763106,2.577922628,1.225350997,1.267537552
original_glcm_Contrast,1.425704439,2.345008492,0.977925551,2.318372168,2.430196562,1.210197549,1.072129654,1.09876089,1.215186763,1.257477111,0.965207682,2.955554321,0.515604823,0.844783988,1.373204195,1.125348145,0.770848081,0.380850212,0.513059497,0.738805547,0.894535204,0.399529179,15.77294042,0.778536216,1.233867576,0.574155006,0.632544621,1.606893581,1.1830085,1.128329799,0.771357005,1.467331923,6.353054552,1.033095139,18.17244314,1.667876363,1.004723007,0.987245203
original_glcm_Correlation,0.225075857,0.132852349,0.111653697,0.145112696,0.298016389,0.155274613,0.140635528,0.168121318,0.300771239,0.338836333,0.331224464,0.261226854,0.29127173,0.299137568,0.185928638,0.142470846,0.415930797,0.300403214,0.248097107,0.355097828,0.463217379,0.540079448,-0.032926279,0.551810168,0.493426586,0.570487499,0.492583259,0.393133931,0.373109311,0.209782639,0.216181289,0.157395966,0.822311781,0.317497847,0.09883822,0.214229145,0.098872588,0.124627256
original_glcm_DifferenceAverage,0.891280648,1.16630723,0.720510983,1.13351453,1.135089712,0.78406203,0.757573222,0.764274037,0.813932026,0.820651068,0.701626984,1.313973236,0.470219388,0.651185054,0.864085793,0.779122159,0.616722303,0.37255581,0.463531822,0.585566633,0.676620247,0.388228138,3.148504488,0.62063591,0.815813353,0.50133287,0.546104805,0.95121016,0.789872494,0.758289371,0.613210923,0.901197098,1.208942876,0.734838405,3.354816467,0.968360264,0.726523187,0.721261405
original_glcm_DifferenceEntropy,1.624569759,1.917436629,1.424878739,1.899767887,1.915917498,1.534846581,1.474561514,1.488539206,1.54168281,1.566546499,1.42551803,2.052991559,1.111744237,1.353448645,1.602662935,1.499728936,1.302455252,0.974342043,1.118802199,1.294129388,1.375021695,0.993552916,3.128256266,1.306317287,1.533781118,1.163598466,1.191964631,1.678196506,1.524501179,1.495465537,1.311944092,1.649880127,1.936129942,1.451391302,3.214505937,1.706175187,1.443070574,1.430409752
original_glcm_DifferenceVariance,0.622952739,0.976433816,0.45597097,1.023073608,1.128136872,0.589220456,0.493388388,0.509412038,0.546804108,0.576580726,0.467451,1.209025793,0.291152442,0.415878173,0.62180801,0.513374831,0.384785921,0.239688152,0.295676579,0.39202388,0.429367874,0.246055562,5.819534588,0.387177221,0.550468599,0.317070407,0.326399555,0.680100249,0.546385369,0.54562154,0.391181025,0.648625365,4.798956212,0.482375941,6.832288921,0.709911254,0.473212482,0.462228215
original_glcm_Id,0.633394593,0.572528873,0.68091393,0.58233937,0.585956586,0.66732918,0.670302086,0.669404705,0.654419942,0.655099976,0.689802495,0.546767628,0.772375589,0.705230445,0.64121141,0.663828333,0.716527428,0.815104495,0.776479302,0.730794525,0.69600906,0.807769438,0.354814546,0.71526069,0.655159953,0.761153436,0.741195575,0.619142918,0.664054497,0.67436118,0.718923187,0.632046415,0.64672147,0.679091388,0.344142342,0.615763919,0.680155161,0.681320379
original_glcm_Idm,0.607287418,0.530060044,0.665464052,0.542130575,0.547277301,0.648149861,0.652597652,0.651161648,0.633017228,0.633065057,0.675330428,0.496368003,0.76942885,0.693746974,0.616949752,0.644935084,0.707046037,0.814551535,0.773186857,0.722272785,0.683403844,0.807016035,0.262581713,0.705457332,0.633656344,0.756615779,0.735591579,0.589123665,0.644025006,0.656203728,0.709201616,0.605325092,0.624569639,0.662381929,0.252154161,0.584603315,0.664518072,0.665949573
original_glcm_Idmn,0.979100938,0.973357498,0.964672882,0.99571283,0.991925614,0.991906751,0.972559545,0.971994611,0.988269777,0.976193461,0.988526132,0.985607533,0.970491288,0.978064346,0.993183277,0.971330003,0.979852165,0.985417918,0.980662329,0.991170244,0.9865944,0.989247729,0.96453522,0.979656095,0.976584773,0.984801523,0.983266638,0.97006616,0.977550399,0.992418598,0.979857213,0.978561205,0.997776983,0.980159111,0.971195095,0.975822072,0.974200837,0.980965706
original_glcm_Idn,0.906653156,0.893262978,0.885918983,0.954637934,0.940424062,0.941895802,0.897230885,0.896585624,0.92896737,0.903232162,0.932169416,0.918752395,0.907459947,0.910361261,0.944427606,0.894669471,0.914610828,0.938104851,0.923923255,0.94279578,0.9271911,0.944740642,0.872798908,0.914121732,0.903603093,0.929666311,0.923521041,0.889698739,0.906499354,0.943609133,0.915182745,0.905859148,0.978710823,0.912180393,0.884888003,0.899749031,0.901036997,0.913456759
original_glcm_Imc1,-0.033454216,-0.017636133,-0.014200459,-0.021479759,-0.058817559,-0.025573342,-0.018057603,-0.024071398,-0.046177639,-0.056243335,-0.059775556,-0.036371838,-0.059192502,-0.051117938,-0.023415297,-0.019622077,-0.089680822,-0.072435176,-0.046772888,-0.072631704,-0.104705564,-0.183619312,-0.0185202,-0.14512695,-0.11702608,-0.174613209,-0.134720691,-0.074194665,-0.076269343,-0.037751114,-0.034670111,-0.019200414,-0.199670661,-0.057676493,-0.027178005,-0.035244086,-0.013587181,-0.017221366
original_glcm_Imc2,0.314387395,0.254511771,0.182479944,0.274402365,0.466063057,0.259317447,0.20817261,0.241287102,0.372315906,0.419992181,0.416165143,0.371253829,0.348614545,0.36770561,0.26355429,0.235572211,0.494715142,0.358580184,0.305967618,0.438574898,0.553675935,0.630663332,0.345792227,0.639474232,0.602040899,0.661248858,0.580825876,0.483094675,0.472047986,0.309494746,0.280774444,0.237095693,0.775576908,0.390311012,0.418304328,0.295471009,0.165504345,0.187506228
original_glcm_InverseVariance,0.514824426,0.487432646,0.511486383,0.487217234,0.489193953,0.504549434,0.513356086,0.510266926,0.51368311,0.506063168,0.500798872,0.461995594,0.431252831,0.495275758,0.514901408,0.516041396,0.489370917,0.365298209,0.420283876,0.468149419,0.504291143,0.378339726,0.268347085,0.489340123,0.510729853,0.440608825,0.471968413,0.508848496,0.505090415,0.500237163,0.482609871,0.511593344,0.467183444,0.503902632,0.264071804,0.505267185,0.510674748,0.510871776
original_glcm_JointAverage,4.570929665,5.398158699,3.174273962,5.625409414,10.17313786,3.531005177,3.679052875,3.373962581,6.450933566,4.217509566,6.093978014,9.177574606,2.448234868,3.496360963,3.78363105,3.679781813,3.684205549,2.646778591,3.03623982,6.350446293,4.204510693,4.080670548,11.16283303,3.978081224,4.101372582,3.576114353,4.273033812,4.176586888,4.290181904,8.719262789,3.803667107,4.317301266,47.67638801,4.343877001,14.38007831,4.668608495,3.483692598,3.610721352
original_glcm_JointEnergy,0.089537667,0.061699406,0.143639581,0.064773373,0.063798674,0.12716208,0.129693243,0.12557332,0.099319778,0.093416291,0.124467875,0.046383262,0.213386484,0.14031284,0.101975972,0.12237856,0.131395298,0.282349829,0.263863945,0.15448325,0.107874839,0.21492813,0.010524399,0.114096788,0.077049487,0.146672161,0.150517198,0.066648999,0.095877826,0.12088821,0.17022491,0.095117456,0.103818349,0.110850109,0.008558679,0.078558038,0.143177538,0.141924327
original_glcm_JointEntropy,3.895893843,4.484699867,3.207455018,4.408517015,4.543092441,3.469219401,3.380612211,3.449758649,3.801278848,3.904665537,3.487751661,4.936571047,2.554412569,3.274113787,3.772749489,3.449700053,3.33455284,2.116419718,2.488531004,3.149593589,3.622319807,2.606659669,6.95192475,3.585951492,4.110680399,3.20110553,3.162394775,4.323532304,3.830146214,3.508161485,3.016792397,3.855075774,4.240367479,3.582643142,7.309374895,4.099953165,3.2267566,3.236463995
original_glcm_MCC,0.260043691,0.169350725,0.143504383,0.30215131,0.468365299,0.343028442,0.157674069,0.187291518,0.35595634,0.355936243,0.476357382,0.524133135,0.293615228,0.311732367,0.233955707,0.196918754,0.422447125,0.307364809,0.282802166,0.403957907,0.477124358,0.560064128,0.164717014,0.558003258,0.512921706,0.575307513,0.506266005,0.407429286,0.416101456,0.341000101,0.229573647,0.176125313,0.904885647,0.325333351,0.210517834,0.232964126,0.12064907,0.146248544
original_glcm_MaximumProbability,0.155805895,0.115229126,0.266221423,0.11610212,0.128261266,0.19637654,0.228354242,0.20982138,0.164572043,0.189419608,0.239815284,0.10340349,0.299673386,0.22420526,0.193426282,0.210924103,0.234137099,0.431370944,0.46465281,0.249418801,0.198869067,0.387037483,0.022109222,0.234927616,0.141134151,0.244913432,0.248886907,0.126979566,0.167385307,0.21704953,0.319421044,0.167534056,0.177210084,0.189850685,0.018906867,0.152310255,0.199871013,0.214277209
original_glcm_SumAverage,9.141859329,10.7963174,6.348547924,11.25081883,20.34627572,7.062010353,7.35810575,6.747925161,12.90186713,8.435019132,12.18795603,18.35514921,4.896469736,6.992721926,7.567262099,7.359563625,7.368411098,5.293557182,6.072479641,12.70089259,8.409021385,8.161341095,22.32566605,7.956162448,8.202745163,7.152228705,8.546067623,8.353173776,8.580363808,17.43852558,7.607334214,8.634602533,95.35277602,8.687754003,28.76015662,9.33721699,6.967385197,7.221442705
original_glcm_SumEntropy,2.619153458,2.84483882,2.186377361,2.817484923,3.013189108,2.357575648,2.29449926,2.350573568,2.628100521,2.71191389,2.487182947,3.149228688,1.974822394,2.359730951,2.527742299,2.330081923,2.487725334,1.714388302,1.907588868,2.343433148,2.678180751,2.180890794,3.972821497,2.739460607,2.949173634,2.553957985,2.459809885,2.969473238,2.694727355,2.42008157,2.165371688,2.545511419,3.074981228,2.533827543,4.261134614,2.715655591,2.187048774,2.210454508
original_glcm_SumSquares,0.919673554,1.352089307,0.550616348,1.355319071,1.74502695,0.717093716,0.623542849,0.660152783,0.873200439,0.951661237,0.722852564,2.008803091,0.364596233,0.602851313,0.844599441,0.656176415,0.65992024,0.272744188,0.34150676,0.573641961,0.83298639,0.434470751,7.632080495,0.869853637,1.21709175,0.667928415,0.625070368,1.324402133,0.943999765,0.715602151,0.492376626,0.871162735,17.61552296,0.75734537,10.08251855,1.061449748,0.557518501,0.563695689
original_gldm_DependenceEntropy,5.600873049,5.532004402,5.265297862,5.644713057,5.785577827,5.464973466,5.356765802,5.400018395,5.724099224,5.781322066,5.6996179,5.829937764,5.520515436,5.606771338,5.501803792,5.386224627,5.814853102,5.457449944,5.275854536,5.742224781,5.877879498,5.836961297,5.867217374,6.030637785,6.054625827,5.977266699,5.838303808,5.896148716,5.856207274,5.601885994,5.407533353,5.501224725,6.138884765,5.667047686,6.02601325,5.597510334,5.29757255,5.371355926
original_gldm_DependenceNonUniformity,129.5031737,158.4617501,114.0145414,244.0466356,101.1563467,106.1932571,142.6974943,103.3222872,250.1691057,164.0796533,181.1690903,395.7423581,151.9445964,154.0921002,217.1642266,151.4587238,158.2700893,104.3986014,131.3037518,133.0834346,176.8908686,132.3590219,482.3942308,104.903523,80.40562249,111.513343,83.75700935,175.7701149,121.0839612,105.3455309,87.98181818,199.4197441,144.5492166,145.8155683,485.7007015,181.2418853,133.3617747,177.3016801
original_gldm_DependenceNonUniformityNormalized,0.07472774,0.087210649,0.063766522,0.081294682,0.078294386,0.063933328,0.065010248,0.067135989,0.067796506,0.067717562,0.06126787,0.090954346,0.051964636,0.059380385,0.069116558,0.06758533,0.058880242,0.045628759,0.047367876,0.053901756,0.06566105,0.049040023,0.178400233,0.056858278,0.064582829,0.054106426,0.055912556,0.077705621,0.065168978,0.06319468,0.055161015,0.072913983,0.058075218,0.064491627,0.189283204,0.080587766,0.065022806,0.064755909
original_gldm_DependenceVariance,13.58788848,9.852586515,18.6543987,12.03062759,12.63958247,18.33352097,17.85143913,16.78680831,16.44027761,17.17762862,20.01534793,9.872315338,28.09538542,21.4068139,15.59923721,16.70046102,22.16706471,35.97234889,33.09619177,25.40571011,18.23904478,31.49342648,2.759702917,23.00814066,18.38488153,26.08662198,24.78412873,12.90305911,18.72187069,19.57082273,24.23647409,14.09776257,24.97144285,17.86679697,2.484077106,12.72574521,18.30650827,17.75538334
original_gldm_GrayLevelNonUniformity,506.9019042,445.4667034,670.1778523,751.497002,300.5402477,581.6574353,785.3243736,543.0337882,1107.250407,700.7540239,991.0784579,893.7294875,1290.880985,937.2327553,969.8160407,774.8589915,911.7849702,1133.061189,1369.61544,896.5625759,826.0096511,1119.772879,272.0872781,554.7766938,311.5076305,705.3774867,536.4953271,551.5455349,534.5705059,560.0377924,643.2507837,832.504936,685.6002411,719.8801415,233.1699143,609.1138284,766.5904437,1023.036523
original_gldm_GrayLevelVariance,0.933505234,1.357244564,0.558281596,1.456657587,2.102106677,0.773382058,0.617066952,0.647925858,0.931604204,0.973089949,0.753217948,2.189672805,0.376813147,0.607444136,0.893646925,0.65355736,0.673583984,0.28471422,0.353240064,0.638147127,0.837724708,0.446958728,7.69939778,0.893519877,1.237912937,0.668043876,0.634168656,1.326015255,0.960338211,0.79074551,0.498933776,0.878184012,29.11375839,0.76402769,10.03103007,1.082082032,0.564651604,0.561825932
original_gldm_HighGrayLevelEmphasis,21.69301789,30.71491469,10.63926174,33.32911392,103.3599071,13.30523781,14.01366743,11.91552956,42.12086721,18.48988857,37.68853568,85.64467938,6.349521204,12.94797688,15.36123488,14.1307452,14.15625,7.145541958,9.507575758,40.58525719,18.38492947,17.02111893,131.9097633,16.76802168,17.83453815,13.15866084,18.77903872,18.72767462,19.38374596,76.82663467,14.93416928,19.69506399,2260.451989,19.70057497,217.0611847,22.70520231,12.93954169,13.69649379
original_gldm_LargeDependenceEmphasis,73.63473745,52.00605394,104.5794183,59.46702199,59.15789474,99.39855509,100.5826879,96.13450292,90.6802168,93.66611638,116.6022996,48.22914273,189.621751,126.4396917,84.7504774,93.8282017,135.5483631,239.9326923,196.036075,148.8955043,118.1945063,228.6050389,12.53920118,131.9474255,90.50522088,174.7467249,151.3391188,72.7020336,98.23681378,103.8866227,135.4827586,79.23180987,106.07272,107.1070323,11.15510522,71.23566029,104.1691858,106.5471147
original_gldm_LargeDependenceHighGrayLevelEmphasis,1607.264859,1536.878921,1064.335011,1856.53964,6312.482198,1288.930765,1417.977221,1116.561404,3806.566938,1727.76104,4401.507271,4129.779361,1175.26881,1545.597688,1225.689688,1308.105756,1890.447173,1851.704983,1812.902958,6136.45322,2184.037491,3835.040385,1623.948225,2184.411382,1605.559839,2378.223193,2899.253004,1321.861185,1920.613025,7907.30054,2011.361755,1506.161609,249438.5034,2090.287041,2364.966095,1627.226323,1299.892248,1407.768079
original_gldm_LargeDependenceLowGrayLevelEmphasis,3.743889705,1.930725762,11.38274174,2.058706686,0.570757812,8.555655348,7.828700962,9.359933398,2.264059529,5.731939906,3.230443127,0.603374671,36.34173127,11.5859529,6.638850075,7.462952799,11.12915819,35.28226909,22.29506584,3.736391834,7.337793478,14.8741149,0.111405983,9.656640319,6.313011465,15.19614696,8.709621162,5.050254816,5.931979523,1.391615938,9.765361372,4.608416584,0.048650807,6.062406649,0.059249769,3.492201887,9.190505038,8.891802255
original_gldm_LowGrayLevelEmphasis,0.057515219,0.040909712,0.12341909,0.036659818,0.011835015,0.10256105,0.08832207,0.11293607,0.026499496,0.070626711,0.02970729,0.015146926,0.215230278,0.097077714,0.087076186,0.08953493,0.089934276,0.168213869,0.124970238,0.026844602,0.067545224,0.066356469,0.011059104,0.07970807,0.083110465,0.09709607,0.063520435,0.083619963,0.068244202,0.014290432,0.078639324,0.063746974,0.001475677,0.061234501,0.006355024,0.056517037,0.096843951,0.088532026
original_gldm_SmallDependenceEmphasis,0.068363947,0.090163322,0.04753328,0.082506806,0.102640491,0.059568774,0.047631563,0.052986084,0.053432495,0.050747762,0.042779809,0.092288734,0.027838272,0.040325782,0.063232469,0.052530604,0.031420521,0.018835896,0.023442343,0.034507277,0.037424335,0.018684857,0.280116085,0.036628405,0.059331015,0.0263487,0.030524119,0.059273327,0.054491237,0.052842572,0.039861818,0.066502929,0.102213569,0.04299684,0.309185073,0.058015314,0.054915948,0.048280906
original_gldm_SmallDependenceHighGrayLevelEmphasis,1.546130186,2.89472988,0.594767439,3.429556045,9.044147527,1.03501765,0.73454541,0.717629129,2.342074765,1.063423511,1.577143188,7.693510502,0.209461546,0.636100925,1.234253054,0.828415983,0.4720947,0.156319297,0.22683928,1.23846053,0.694835328,0.288279797,38.44579413,0.654990156,1.102991811,0.356370357,0.57277861,1.244922923,1.146615008,3.900366902,0.626900608,1.469075801,173.0523161,0.876551166,69.75798412,1.40069241,0.770928814,0.762404413
original_gldm_SmallDependenceLowGrayLevelEmphasis,0.005790311,0.005651029,0.008991455,0.00417263,0.002775425,0.011442281,0.006436417,0.011146888,0.001904669,0.005247811,0.001701824,0.001908092,0.010963274,0.00514397,0.008406197,0.007180207,0.00458335,0.004698517,0.004405227,0.001688725,0.003833065,0.002029437,0.004461677,0.004360832,0.007156443,0.004306952,0.002988515,0.007877124,0.005674472,0.001578929,0.004810209,0.007044986,0.000471647,0.004002131,0.002620663,0.005357017,0.009577224,0.005978172
original_glrlm_GrayLevelNonUniformity,349.8720788,327.8787366,408.1454606,540.4325409,213.9243201,363.6618245,489.0491038,343.8866573,716.675141,450.4960396,590.8399896,667.992323,651.3149735,548.9238096,631.7452936,495.791177,526.2206022,513.7950224,586.8146825,489.5960153,508.003842,506.8900408,243.5952792,324.3122052,208.6813319,377.2228781,299.3235869,387.1040406,347.8498701,347.6463105,353.4393274,557.2499175,395.7244326,447.3220652,210.5196793,421.1442002,475.387936,632.0631307
original_glrlm_GrayLevelNonUniformityNormalized,0.272472331,0.228754936,0.334492434,0.232653125,0.21332599,0.316073909,0.323294402,0.320736861,0.274654669,0.264662999,0.302289422,0.191860019,0.404254651,0.327851121,0.279696408,0.315634452,0.310817506,0.45821301,0.385455318,0.323821885,0.288090978,0.375467196,0.098110782,0.275530612,0.235172682,0.320882527,0.329216021,0.231028581,0.2692403,0.303975232,0.349740378,0.279648233,0.229028306,0.292952006,0.08866983,0.251417737,0.339400247,0.341074745
original_glrlm_GrayLevelVariance,1.053470196,1.517702119,0.669625866,1.670934948,2.454941144,0.951250188,0.733556348,0.766260273,1.084232241,1.122278282,0.89969607,2.437682788,0.464232276,0.724329378,1.052999455,0.765754852,0.785738432,0.340081343,0.500170968,0.797343823,0.94560822,0.526962323,8.033449643,1.016534807,1.38367415,0.763311532,0.745118294,1.458984267,1.074088835,0.960119817,0.62368373,1.016328749,40.31749908,0.885150265,10.4173962,1.222215078,0.678310905,0.665692877
original_glrlm_HighGrayLevelRunEmphasis,21.65712986,30.92615684,10.77028296,33.8276468,102.4832694,13.46869642,14.0409923,12.0254178,42.18660296,18.52698606,37.6162871,85.5864302,6.438709831,13.21479095,15.65154981,14.23448287,14.23865289,6.822944685,9.630412718,40.26450314,18.37842256,17.14045785,132.1180013,16.8768053,17.87842629,12.98943566,18.65681695,18.86654144,19.42489574,77.04369744,14.99752065,19.89441132,2219.096316,19.80063755,217.4669246,22.70128567,13.10222148,13.89752406
original_glrlm_LongRunEmphasis,2.364225869,1.978920162,2.93826577,2.092184155,2.060267528,2.839655445,2.9145217,2.776239745,2.695707369,2.734155104,3.192527835,1.91084278,5.489429473,3.516130819,2.590245568,2.726448585,3.793399339,7.726521167,5.625051217,4.050058844,3.381226703,7.214576422,1.283696016,3.71795479,2.855875529,5.01717334,4.494162085,2.460767337,2.937367871,2.998686182,3.643009812,2.467479205,2.902588921,3.206269408,1.257348776,2.416260984,2.955452444,3.060016903
original_glrlm_LongRunHighGrayLevelEmphasis,51.31824231,60.07923896,30.63982132,68.26253463,215.1466421,37.3307213,40.80836571,32.69791311,113.3330827,50.42409267,120.3558557,163.8100679,34.33323456,44.18332484,38.93082965,38.31198538,53.39015373,58.76831216,52.47812124,166.2491235,62.34983419,121.3087236,168.8374611,62.091436,50.98708214,67.27479843,85.2534621,45.68006302,57.21561852,229.4745213,54.4153019,47.95063027,6690.768758,62.8567821,272.0066795,54.99482175,37.76238443,41.23509604
original_glrlm_LongRunLowGrayLevelEmphasis,0.130128064,0.078455538,0.343081897,0.075129542,0.022754935,0.269960366,0.244356521,0.29456926,0.069714083,0.182297988,0.091779785,0.027462606,1.104876608,0.332060303,0.215107254,0.232368538,0.324660039,1.172405458,0.663505559,0.104449082,0.218808303,0.471229005,0.013764086,0.282293361,0.220133258,0.456274433,0.271167489,0.192526898,0.189835154,0.04148041,0.272943404,0.15145146,0.002880072,0.189598826,0.007800524,0.129379196,0.273229228,0.263389821
original_glrlm_LowGrayLevelRunEmphasis,0.059436371,0.041847295,0.129109657,0.03720951,0.012447865,0.108838659,0.091847965,0.118760296,0.027020628,0.073706496,0.030609614,0.015686346,0.232778676,0.099908828,0.089967808,0.092782673,0.093611427,0.182450257,0.132297525,0.027835319,0.069750755,0.067760878,0.0112561,0.082538852,0.08741261,0.102405192,0.066355213,0.087659763,0.070804127,0.014715403,0.081627495,0.065636384,0.001896296,0.062974694,0.006442355,0.05854945,0.10065346,0.090567983
original_glrlm_RunEntropy,3.152028531,3.244479035,2.992990184,3.281605058,3.486804873,3.13405908,3.048816822,3.062859564,3.284715832,3.327703403,3.292535261,3.497240926,3.223593425,3.208929162,3.184674085,3.043002123,3.334652985,3.183288139,3.171185261,3.36472547,3.393906934,3.511519331,3.967953025,3.485647959,3.446539138,3.531704612,3.370571264,3.393656616,3.317584571,3.19081434,3.103498032,3.165819857,4.041581665,3.252708133,4.121819111,3.24520953,3.013947912,3.035794024
original_glrlm_RunLengthNonUniformity,769.8578687,942.2823889,646.8352667,1486.991438,644.5440425,624.3357388,817.8637911,582.4641865,1460.083007,938.5692151,987.2095428,2350.609981,636.9078003,821.8324874,1299.518225,864.5761524,808.6677155,390.2710969,616.0539935,691.5963261,880.4726371,470.8853965,2107.884105,574.1870118,510.1545652,481.9217321,416.5936623,1014.483728,711.0309673,613.0255618,486.9467632,1162.097999,952.702435,809.2477402,2045.978857,1022.226411,741.5145425,971.5356631
original_glrlm_RunLengthNonUniformityNormalized,0.595786688,0.655658022,0.527024244,0.637457898,0.640699686,0.538735437,0.535982778,0.538853955,0.554155581,0.547046941,0.500077256,0.671819654,0.386024907,0.483806515,0.571738969,0.546752459,0.468809537,0.33540643,0.396424278,0.450042838,0.489926345,0.335957333,0.848838102,0.479341822,0.56492217,0.398947037,0.444942201,0.595436059,0.541474686,0.529443682,0.476809642,0.579700924,0.548429482,0.520089971,0.861356509,0.602565388,0.525601963,0.519347498
original_glrlm_RunPercentage,0.740423454,0.788747301,0.681939425,0.773561216,0.776137176,0.692168758,0.688628001,0.69585645,0.707066917,0.702085781,0.660466689,0.800258119,0.549642218,0.644286349,0.718626059,0.700683074,0.628920559,0.489174287,0.547508048,0.611053993,0.653931814,0.498475219,0.918183887,0.637023139,0.711831943,0.569514425,0.605782068,0.741039244,0.69549557,0.68529371,0.632794791,0.728055126,0.692091356,0.675126731,0.925205348,0.744262407,0.682068784,0.676040906
original_glrlm_RunVariance,0.511206824,0.361131544,0.755329095,0.404856383,0.388414883,0.70860845,0.754036251,0.663477617,0.647073001,0.659015362,0.840421329,0.332563382,1.838078709,0.996376807,0.621946352,0.657248669,1.112668414,2.867941007,2.025933184,1.219588053,0.908919952,2.523585245,0.097122592,1.098043086,0.727793863,1.576760049,1.40024716,0.541214945,0.747057549,0.783051322,1.064901392,0.553263183,0.766338099,0.865795999,0.088135541,0.542978376,0.751253226,0.800838764
original_glrlm_ShortRunEmphasis,0.798221948,0.836777938,0.751669939,0.825180667,0.827648249,0.759729844,0.757007252,0.758932993,0.76929179,0.764283457,0.73018878,0.845225514,0.632251587,0.716378737,0.782996806,0.765157723,0.70383113,0.580055125,0.642834695,0.688726893,0.718861845,0.577782394,0.937650185,0.711588686,0.774347676,0.640529467,0.682024063,0.794096046,0.758223287,0.750846009,0.712906116,0.787621449,0.766992776,0.742239843,0.943113215,0.800656389,0.750198191,0.745301229
original_glrlm_ShortRunHighGrayLevelEmphasis,17.25106152,26.00997103,8.164413916,28.2660404,84.12574592,10.36294149,10.65714238,9.200930755,32.51030926,14.18465791,27.38296,72.29051499,4.118997664,9.618880623,12.46523179,10.98190209,10.06537272,3.851492392,6.23157856,27.56385177,13.20944482,9.911917836,124.024336,12.10962643,13.87663526,8.225711452,12.65433632,15.08665424,14.81009729,57.96956528,10.76764294,15.80981309,1671.090652,14.77774004,205.3912252,18.18968124,9.948707672,10.49887744
original_glrlm_ShortRunLowGrayLevelEmphasis,0.048820825,0.035727465,0.101068598,0.031104025,0.010767939,0.087136418,0.071878988,0.094362374,0.021155489,0.058446563,0.023018491,0.013656501,0.160334361,0.073722439,0.072387711,0.073157686,0.068315045,0.11264698,0.089780663,0.019851812,0.051592084,0.040329796,0.010703558,0.060366353,0.070563944,0.068916414,0.047122975,0.07244366,0.055304455,0.011376521,0.060032021,0.05305862,0.001754009,0.047901807,0.006142096,0.048207234,0.078299511,0.068924188
original_glszm_GrayLevelNonUniformity,19.58947368,25.94366197,21.64516129,35.54807692,17.71428571,23.20454545,32,24.02631579,35.32727273,22.51515152,28.24561404,52.23563218,26.64383562,28.38461538,42.5,30.62376238,14.26153846,8.785714286,17.90196078,18.2,16.31111111,8.375,59.43422733,10.09433962,11,8.707317073,7.96969697,17.7962963,21.60869565,19.96202532,13.93877551,39.35,14.29588015,18.39759036,56.21945433,24.77777778,40.54716981,48.38211382
original_glszm_GrayLevelNonUniformityNormalized,0.206204986,0.182701845,0.349115505,0.170904216,0.140589569,0.263688017,0.347826087,0.316135734,0.214104683,0.227425773,0.247768544,0.150102391,0.36498405,0.31191885,0.241477273,0.303205568,0.219408284,0.31377551,0.351018839,0.242666667,0.181234568,0.26171875,0.075905782,0.190459238,0.174603175,0.212373587,0.241505969,0.164780521,0.234877127,0.252683865,0.284464806,0.2459375,0.053542622,0.221657715,0.066689744,0.229423868,0.38252047,0.393350519
original_glszm_GrayLevelVariance,3.479889197,4.847103749,2.611082206,7.200351331,8.784139582,4.640495868,2.759924386,2.877250693,3.839853076,3.892459953,3.196137273,7.31340831,1.920060049,2.542688081,4.045680527,2.671894912,2.60591716,1.667091837,1.37254902,3.239822222,3.040617284,1.609375,15.46148765,2.433606266,2.94834971,2.538964902,2.42056933,4.163580247,3.122282609,4.542220798,2.408163265,3.786875,128.9582123,2.899404848,18.57908194,4.323302469,2.470719117,2.336307753
original_glszm_HighGrayLevelZoneEmphasis,22.74736842,32.66901408,13.75806452,44.48076923,86.53174603,17.86363636,15.7826087,14.67105263,42.43030303,21.46464646,36.81578947,81.38218391,8,16.17582418,20.64204545,16.23762376,15.67692308,10.03571429,10.37254902,35.2,20.03333333,13,137.4750958,18.58490566,18.44444444,14.36585366,18.90909091,22.46296296,21.18478261,74.97468354,15.16326531,23.8125,1642.955056,20.78313253,226.2740214,24.32407407,15.25471698,17.18699187
original_glszm_LargeAreaEmphasis,8505.294737,4994.302817,18949.41935,9206.288462,2733.015873,10587.60227,17945.3587,10528.80263,22647.09091,15303.62626,23735.92105,9113.905172,50746.32877,25664.58242,15796.60227,16129.11881,34700.52308,91270.64286,70186.86275,28256.09333,23047.8,92416.65625,183.1289911,17726.4717,5328.52381,34398.31707,23822.48485,10281.64815,9468.369565,10984.26582,19663.44898,13229.03125,6008.228464,17940.27711,135.3072361,11879.06481,14348.00943,21843.21951
original_glszm_LargeAreaHighGrayLevelEmphasis,182564.1474,147393.1479,197275.2742,285156.9231,286965.0397,135997.8864,242407.7826,122244.9211,954630.1091,278149.6061,914649.5,787475.2989,311394.8219,318687.6044,222945.2443,215752.2475,470040.0308,680791.5357,647446.1765,1161122.893,410272.1222,1568330.438,22647.48404,299339.0377,93803.14286,437810.5854,452988.3939,188236.3519,188149.163,827401.5443,292448.9796,255250.55,14173718.25,344480.3253,29879.53855,268906.9074,182253.9906,287135.1301
original_glszm_LargeAreaLowGrayLevelEmphasis,424.3643204,179.1204357,2024.583952,311.5386775,26.47632537,898.5887403,1439.420015,987.0636659,552.6609102,908.4772277,632.8190499,108.1264432,9689.66876,2256.880641,1222.703095,1308.970996,2811.182205,14052.07286,7805.37421,705.7073943,1424.308459,5728.084184,1.548532851,1165.602259,354.7537383,3015.783577,1339.004672,642.6329939,520.8156846,147.8306741,1399.074133,734.2087798,2.565540308,1006.973873,0.638828166,566.3023123,1227.020118,1800.855326
original_glszm_LowGrayLevelZoneEmphasis,0.099172723,0.06984492,0.24062276,0.055460412,0.028517338,0.235128183,0.157179952,0.23933845,0.040990469,0.131233537,0.04776939,0.027612172,0.489060122,0.153797314,0.15419142,0.160470297,0.173576923,0.306240079,0.198671024,0.054051799,0.113464616,0.146171875,0.016047004,0.138574423,0.152151136,0.191490515,0.116590909,0.177516587,0.120529429,0.031816088,0.149399093,0.114719476,0.006341327,0.106351665,0.008449237,0.110559624,0.182620545,0.130791485
original_glszm_SizeZoneNonUniformity,37.50526316,50.74647887,24.64516129,71.72115385,50.98412698,31.75,24.58695652,20.52631579,48.9030303,31.06060606,27.70175439,109.0574713,19.60273973,25.79120879,60.47727273,31.35643564,17.36923077,8.785714286,8.490196078,16.57333333,22.8,10.875,333.7637292,13.52830189,16.61904762,13.24390244,9.96969697,31.2962963,25.82608696,25.02531646,16.10204082,61.3125,116.6104869,21.14457831,373.7259786,29.03703704,29.96226415,33.63414634
original_glszm_SizeZoneNonUniformityNormalized,0.394792244,0.35736957,0.397502601,0.34481324,0.404635928,0.360795455,0.267249527,0.270083102,0.296382002,0.313743496,0.242997845,0.313383538,0.268530681,0.283419877,0.343620868,0.310459759,0.267218935,0.31377551,0.166474433,0.220977778,0.253333333,0.33984375,0.426262745,0.255250979,0.263794407,0.323022011,0.302112029,0.289780521,0.280718336,0.316776158,0.328613078,0.383203125,0.436743397,0.254753956,0.443328563,0.268861454,0.282662869,0.273448344
original_glszm_SmallAreaEmphasis,0.649063089,0.619988601,0.649364136,0.607753414,0.661008583,0.617888075,0.529072826,0.53148719,0.559989863,0.572987962,0.492819592,0.579333098,0.508044666,0.546187324,0.607484438,0.577185079,0.531368821,0.568753294,0.395207418,0.460313936,0.493313111,0.593575034,0.678826375,0.514321819,0.522777616,0.586119959,0.545928532,0.545400873,0.537201718,0.580800953,0.589084326,0.641857993,0.685101154,0.510365489,0.692534281,0.530713418,0.536347851,0.536533186
original_glszm_SmallAreaHighGrayLevelEmphasis,15.70472189,20.08693868,9.377699266,28.98050105,53.22978095,12.5731887,8.624055484,7.804666916,25.57539224,13.50680294,18.22963524,47.17816679,4.382309322,9.993546892,13.58422507,9.603964431,8.508340074,6.039536148,3.928889711,14.06918705,8.993291899,7.772732041,95.28346002,9.849003003,9.998977514,8.235584302,10.22074265,12.69135593,11.8773479,40.20261463,9.805887883,14.97728494,1036.594368,10.26163467,159.2328241,13.8969679,7.617115337,8.898314742
original_glszm_SmallAreaLowGrayLevelEmphasis,0.065689956,0.049300425,0.148812795,0.038649589,0.02400036,0.147945155,0.092852549,0.151559757,0.024477067,0.071676222,0.021937593,0.01288012,0.235844878,0.073407875,0.096791392,0.099837563,0.10619803,0.197040628,0.107529849,0.035789471,0.066796744,0.099959335,0.012666278,0.08231158,0.071709379,0.137088979,0.075072019,0.083482974,0.069057392,0.026059585,0.091532401,0.086334501,0.00331165,0.064194101,0.006602421,0.067917455,0.126276168,0.081049201
original_glszm_ZoneEntropy,4.24517019,4.533252904,3.172187085,4.872718937,4.868172284,4.087522385,4.033801812,4.044036958,4.802987423,4.309799272,4.566124592,5.213470897,3.780863501,4.133594603,4.391142834,4.130438675,4.462366422,3.462659049,4.321565479,4.519024594,4.722960213,3.804229297,5.673051814,4.326398286,4.562431861,3.993743542,3.977143182,4.694263223,4.435482447,4.393492264,3.823921967,4.107912438,6.107387307,4.499089396,5.750108602,4.584335276,3.848489736,4.055105105
original_glszm_ZonePercentage,0.054818234,0.078150798,0.034675615,0.069287142,0.09752322,0.052980132,0.04191344,0.049382716,0.044715447,0.04085844,0.038552587,0.079981613,0.0249658,0.035067437,0.056015277,0.045069166,0.024181548,0.012237762,0.018398268,0.030376671,0.033407572,0.011856243,0.289571006,0.028726287,0.05060241,0.019893256,0.022029372,0.047745358,0.049515608,0.047390522,0.030721003,0.058500914,0.107271997,0.036709421,0.32852689,0.048021343,0.051682106,0.044923302
original_glszm_ZoneVariance,8172.520332,4830.570968,18117.74818,8997.985854,2627.872008,10231.33665,17376.12134,10118.74013,22146.95868,14704.613,23063.11026,8957.583325,49141.9422,24851.39259,15477.89863,15636.8062,32990.38249,84593.41837,67232.62053,27172.36693,22151.79556,85302.78809,171.2031271,16514.64365,4937.99093,31871.41582,21761.87511,9842.978395,9060.505198,10539.0024,18603.88005,12936.83496,5921.326965,17198.207,126.0419645,11445.42275,13973.62344,21347.70467
original_ngtdm_Busyness,5.97571042,4.886572445,16.29580734,3.680608092,0.692740394,5.397516595,13.81618002,11.14068355,6.081470046,10.56316705,5.730577189,3.529721235,49.55143759,16.09842001,10.52115523,14.51011265,14.73590983,21.4156039,17.50611925,4.368489606,8.699745962,11.36911396,1.869061232,9.41427947,5.7166065,11.10484997,6.920070719,10.97548532,8.078806258,1.718321625,8.165430355,10.03672656,0.080864043,9.020358594,1.050202144,7.420844325,14.12873885,14.48788136
original_ngtdm_Coarseness,0.003671351,0.003523036,0.003735072,0.002133695,0.005489335,0.003545651,0.002823282,0.003988403,0.00185572,0.002939739,0.002271824,0.001607214,0.002148922,0.002555907,0.002084809,0.002747821,0.002729731,0.002728521,0.00306917,0.002826372,0.002723472,0.002817708,0.002113351,0.004277334,0.006103199,0.003780238,0.004933043,0.00319925,0.003600032,0.004031,0.004331168,0.002316855,0.003081292,0.003081119,0.002481081,0.003056449,0.002787456,0.002076217
original_ngtdm_Complexity,18.60181941,29.15457266,5.38953552,110.6906598,110.9424381,35.49568882,8.655321225,8.580188442,28.37735072,12.16831119,21.35674103,85.85369516,2.463249732,7.560769598,31.65957322,8.918733014,7.100265499,4.068382334,3.848772006,19.09254063,14.64743019,5.913147236,391.7784471,7.103685309,11.76053021,6.248256834,6.914519604,12.82149563,12.49674286,39.23771434,7.49001235,18.69294183,1191.748394,11.68874186,534.6238291,18.85402693,8.740121224,12.69689746
original_ngtdm_Contrast,0.022490198,0.032238462,0.030620422,0.011565061,0.012955335,0.010676096,0.023823315,0.025238396,0.012505421,0.028299949,0.011459399,0.022397808,0.025393298,0.020462957,0.016169124,0.026137835,0.021258812,0.010002024,0.012985922,0.008440895,0.015435381,0.010488362,0.095444335,0.028955993,0.036182003,0.018537345,0.018194916,0.043271259,0.028032317,0.008349904,0.015991772,0.02131652,0.021428471,0.020054369,0.094486708,0.02707681,0.021844871,0.015477548
original_ngtdm_Strength,0.084672789,0.094984442,0.026399414,0.492592652,0.854976053,0.307203794,0.033601572,0.047843028,0.089943638,0.047373715,0.095368225,0.145973517,0.011029224,0.032252298,0.154294589,0.032129615,0.034134776,0.030227756,0.023098896,0.138529841,0.071195379,0.046607139,0.259802527,0.054118698,0.096061128,0.050160896,0.076836426,0.04836822,0.062023149,0.389514255,0.054851874,0.052974288,28.19020776,0.05490467,0.437152861,0.064524335,0.035102548,0.041567718
